date,n1,n2,n3,n4,n5,powerball
"Wed, Aug 12, 2026",4,26,66,67,69,9
"Mon, Aug 10, 2026",6,37,54,55,64,10
"Sat, Aug 8, 2026",5,9,35,54,63,7
"Wed, Aug 5, 2026",14,20,59,60,61,25
"Mon, Aug 3, 2026",8,30,41,48,54,4
"Sat, Aug 1, 2026",6,17,27,48,50,5
"Wed, Jul 29, 2026",30,36,40,42,57,2
"Mon, Jul 27, 2026",6,26,46,58,65,25
"Sat, Jul 25, 2026",3,4,24,36,47,17
"Wed, Jul 22, 2026",4,5,22,50,58,1
"Mon, Jul 20, 2026",2,9,44,53,59,8
"Sat, Jul 18, 2026",9,14,44,50,56,3
"Wed, Jul 15, 2026",2,7,18,29,38,16
"Mon, Jul 13, 2026",5,25,36,40,48,3
"Sat, Jul 11, 2026",8,10,14,45,59,5
"Wed, Jul 8, 2026",12,29,37,43,55,18
"Mon, Jul 6, 2026",17,44,63,66,67,4
"Sat, Jul 4, 2026",17,38,46,50,69,20
"Wed, Jul 1, 2026",2,6,26,39,68,6
"Mon, Jun 29, 2026",10,14,41,53,59,3
"Sat, Jun 27, 2026",3,16,28,30,59,11
"Wed, Jun 24, 2026",13,14,16,21,38,14
"Mon, Jun 22, 2026",17,19,21,45,48,13
"Sat, Jun 20, 2026",16,20,44,48,50,15
"Wed, Jun 17, 2026",3,26,49,53,61,12
"Mon, Jun 15, 2026",25,55,57,60,62,23
"Wed, Jun 10, 2026",12,31,38,60,66,14
"Mon, Jun 8, 2026",3,24,34,43,49,20
"Sat, Jun 6, 2026",16,32,55,59,64,3
"Wed, Jun 3, 2026",14,16,38,55,64,12
"Mon, Jun 1, 2026",2,42,47,57,58,14
"Sat, May 30, 2026",1,27,35,44,52,12
"Wed, May 27, 2026",5,14,21,31,51,13
"Mon, May 25, 2026",17,32,48,60,64,10
"Sat, May 23, 2026",4,16,41,48,66,26
"Wed, May 20, 2026",10,28,30,46,57,25
"Mon, May 18, 2026",4,13,34,61,65,12
"Sat, May 16, 2026",8,37,40,44,65,18
"Wed, May 13, 2026",22,31,52,56,67,15
"Mon, May 11, 2026",24,30,37,56,64,7
"Sat, May 9, 2026",15,41,46,47,56,22
"Wed, May 6, 2026",18,27,51,65,68,5
"Mon, May 4, 2026",30,36,42,60,63,13
"Sat, May 2, 2026",25,37,42,52,65,14
"Wed, Apr 29, 2026",3,19,35,51,67,15
"Mon, Apr 27, 2026",18,31,33,36,62,3
"Sat, Apr 25, 2026",4,30,36,52,57,2
"Wed, Apr 22, 2026",24,29,32,49,63,11
"Mon, Apr 20, 2026",9,17,36,47,64,26
"Sat, Apr 18, 2026",24,25,39,46,61,1
"Wed, Apr 15, 2026",13,21,27,43,45,26
"Mon, Apr 13, 2026",38,43,59,63,64,15
"Sat, Apr 11, 2026",6,47,49,53,60,6
"Wed, Apr 8, 2026",3,16,17,42,52,3
"Mon, Apr 6, 2026",7,24,37,42,57,5
"Sat, Apr 4, 2026",3,6,13,41,65,1
"Wed, Apr 1, 2026",4,10,11,52,64,24
"Mon, Mar 30, 2026",7,11,31,41,57,20
"Sat, Mar 28, 2026",11,42,43,59,61,25
"Wed, Mar 25, 2026",7,21,55,56,64,26
"Mon, Mar 23, 2026",12,18,47,56,63,1
"Sat, Mar 21, 2026",12,28,36,41,59,2
"Wed, Mar 18, 2026",14,18,19,21,69,1
"Mon, Mar 16, 2026",7,10,20,47,52,20
"Sat, Mar 14, 2026",9,30,42,50,52,21
"Wed, Mar 11, 2026",3,6,55,58,63,12
"Mon, Mar 9, 2026",22,23,28,36,54,13
"Sat, Mar 7, 2026",17,18,30,50,68,24
"Wed, Mar 4, 2026",7,14,42,47,56,6
"Mon, Mar 2, 2026",2,17,18,38,62,20
"Sat, Feb 28, 2026",6,20,35,54,65,10
"Wed, Feb 25, 2026",50,52,54,56,64,23
"Mon, Feb 23, 2026",5,11,23,29,47,6
"Sat, Feb 21, 2026",27,28,36,48,49,21
"Wed, Feb 18, 2026",9,33,52,64,66,1
"Mon, Feb 16, 2026",16,18,19,56,58,6
"Sat, Feb 14, 2026",23,43,58,60,64,24
"Wed, Feb 11, 2026",6,20,33,40,48,5
"Mon, Feb 9, 2026",6,19,22,28,48,24
"Sat, Feb 7, 2026",25,36,42,51,58,6
"Wed, Feb 4, 2026",27,29,30,37,58,15
"Mon, Feb 2, 2026",3,8,31,60,65,4
"Sat, Jan 31, 2026",2,8,14,40,63,23
"Wed, Jan 28, 2026",21,35,40,46,68,11
"Mon, Jan 26, 2026",21,31,51,60,63,18
"Sat, Jan 24, 2026",2,16,35,61,63,5
"Wed, Jan 21, 2026",11,26,27,53,55,12
"Mon, Jan 19, 2026",5,28,34,37,55,17
"Sat, Jan 17, 2026",5,8,27,49,57,14
"Wed, Jan 14, 2026",6,24,39,43,51,2
"Mon, Jan 12, 2026",5,27,45,56,59,4
"Sat, Jan 10, 2026",5,19,21,28,64,14
"Wed, Jan 7, 2026",15,28,57,58,63,23
"Mon, Jan 5, 2026",4,18,24,51,56,14
"Sat, Jan 3, 2026",18,21,40,53,60,23
"Wed, Dec 31, 2025",11,18,21,24,38,26
"Mon, Dec 29, 2025",11,19,34,48,53,21
"Sat, Dec 27, 2025",5,20,34,39,62,1
"Wed, Dec 24, 2025",4,25,31,52,59,19
"Mon, Dec 22, 2025",3,18,36,41,54,7
"Sat, Dec 20, 2025",4,5,28,52,69,20
"Wed, Dec 17, 2025",25,33,53,62,66,17
"Mon, Dec 15, 2025",23,35,59,63,68,2
"Sat, Dec 13, 2025",1,28,31,57,58,16
"Wed, Dec 10, 2025",10,16,29,33,69,22
"Mon, Dec 8, 2025",8,32,52,56,64,23
"Sat, Dec 6, 2025",13,14,26,28,44,7
"Wed, Dec 3, 2025",1,14,20,46,51,26
"Mon, Dec 1, 2025",5,18,26,47,59,1
"Sat, Nov 29, 2025",19,22,30,32,59,1
"Wed, Nov 26, 2025",7,8,15,19,28,3
"Mon, Nov 24, 2025",8,16,26,30,58,14
"Sat, Nov 22, 2025",28,32,36,51,69,2
"Wed, Nov 19, 2025",10,31,49,51,68,19
"Mon, Nov 17, 2025",7,33,50,57,66,23
"Sat, Nov 15, 2025",6,7,12,47,53,21
"Wed, Nov 12, 2025",29,39,43,51,65,23
"Mon, Nov 10, 2025",6,28,44,48,58,23
"Sat, Nov 8, 2025",3,53,60,62,68,11
"Wed, Nov 5, 2025",9,17,29,61,66,26
"Mon, Nov 3, 2025",3,32,40,43,57,18
"Sat, Nov 1, 2025",2,26,43,44,62,22
"Wed, Oct 29, 2025",4,24,49,60,65,1
"Mon, Oct 27, 2025",17,39,43,51,66,20
"Sat, Oct 25, 2025",2,12,22,39,67,15
"Wed, Oct 22, 2025",18,37,52,54,60,12
"Mon, Oct 20, 2025",32,38,66,67,69,19
"Sat, Oct 18, 2025",3,11,27,40,58,10
"Wed, Oct 15, 2025",10,13,28,34,47,15
"Mon, Oct 13, 2025",13,14,32,52,64,12
"Sat, Oct 11, 2025",13,16,18,20,27,10
"Wed, Oct 8, 2025",8,10,44,48,54,14
"Mon, Oct 6, 2025",28,29,32,66,67,3
"Sat, Oct 4, 2025",3,7,47,67,68,2
"Wed, Oct 1, 2025",8,17,22,28,55,14
"Mon, Sep 29, 2025",1,3,27,60,65,16
"Sat, Sep 27, 2025",10,16,32,61,66,4
"Wed, Sep 24, 2025",15,31,45,49,53,19
"Mon, Sep 22, 2025",3,29,42,46,59,15
"Sat, Sep 20, 2025",15,29,64,66,67,4
"Wed, Sep 17, 2025",7,30,50,54,62,20
"Mon, Sep 15, 2025",14,15,32,42,49,1
"Sat, Sep 13, 2025",28,37,42,50,53,19
"Wed, Sep 10, 2025",2,24,45,53,64,5
"Mon, Sep 8, 2025",26,28,41,53,64,9
"Sat, Sep 6, 2025",11,23,44,61,62,17
"Wed, Sep 3, 2025",3,16,29,61,69,22
"Mon, Sep 1, 2025",8,23,25,40,53,5
"Sat, Aug 30, 2025",3,18,22,27,33,17
"Wed, Aug 27, 2025",9,12,22,41,61,25
"Mon, Aug 25, 2025",16,19,34,37,64,22
"Sat, Aug 23, 2025",11,14,34,47,51,18
"Wed, Aug 20, 2025",31,59,62,65,68,5
"Mon, Aug 18, 2025",15,46,61,63,64,1
"Sat, Aug 16, 2025",23,40,49,65,69,23
"Wed, Aug 13, 2025",4,11,40,44,50,4
"Mon, Aug 11, 2025",6,16,33,40,62,2
"Sat, Aug 9, 2025",7,14,23,24,60,14
"Wed, Aug 6, 2025",15,27,43,45,53,9
"Mon, Aug 4, 2025",8,9,19,31,38,21
"Sat, Aug 2, 2025",6,18,34,35,36,2
"Wed, Jul 30, 2025",4,15,35,50,64,8
"Mon, Jul 28, 2025",7,35,36,43,62,3
"Sat, Jul 26, 2025",8,31,57,65,67,23
"Wed, Jul 23, 2025",2,18,19,25,35,25
"Mon, Jul 21, 2025",8,11,28,33,42,2
"Sat, Jul 19, 2025",28,48,51,61,69,20
"Wed, Jul 16, 2025",4,21,43,48,49,22
"Mon, Jul 14, 2025",8,12,45,46,63,24
"Sat, Jul 12, 2025",8,16,24,33,54,18
"Wed, Jul 9, 2025",5,9,25,28,69,5
"Mon, Jul 7, 2025",33,35,58,61,69,25
"Sat, Jul 5, 2025",1,28,34,50,58,8
"Wed, Jul 2, 2025",7,19,21,54,63,21
"Mon, Jun 30, 2025",13,28,44,52,55,6
"Sat, Jun 28, 2025",4,35,43,52,62,12
"Wed, Jun 25, 2025",2,12,37,51,61,22
"Mon, Jun 23, 2025",5,25,42,44,65,20
"Sat, Jun 21, 2025",3,16,32,52,62,24
"Wed, Jun 18, 2025",23,29,50,64,67,11
"Mon, Jun 16, 2025",17,21,23,27,52,19
"Sat, Jun 14, 2025",4,6,9,23,59,25
"Wed, Jun 11, 2025",13,25,29,37,53,3
"Mon, Jun 9, 2025",30,33,40,43,52,25
"Sat, Jun 7, 2025",31,36,43,48,62,25
"Wed, Jun 4, 2025",5,17,23,35,45,24
"Mon, Jun 2, 2025",1,7,44,57,61,21
"Sat, May 31, 2025",1,29,37,56,68,13
"Wed, May 28, 2025",23,27,32,35,59,11
"Mon, May 26, 2025",13,47,52,64,67,25
"Sat, May 24, 2025",12,18,28,48,52,5
"Wed, May 21, 2025",9,29,31,34,43,2
"Mon, May 19, 2025",13,14,37,50,60,11
"Sat, May 17, 2025",7,34,40,42,52,15
"Wed, May 14, 2025",4,10,24,29,53,4
"Mon, May 12, 2025",15,16,41,48,60,21
"Sat, May 10, 2025",5,20,28,39,42,13
"Wed, May 7, 2025",14,15,30,40,59,20
"Mon, May 5, 2025",16,34,40,45,66,19
"Sat, May 3, 2025",10,21,23,35,65,24
"Wed, Apr 30, 2025",1,2,3,57,59,9
"Mon, Apr 28, 2025",26,43,51,56,60,24
"Sat, Apr 26, 2025",1,12,14,18,69,2
"Wed, Apr 23, 2025",15,44,63,66,69,20
"Mon, Apr 21, 2025",4,33,45,46,51,25
"Sat, Apr 19, 2025",7,25,37,39,63,1
"Wed, Apr 16, 2025",20,24,42,43,49,19
"Mon, Apr 14, 2025",3,20,30,52,62,1
"Sat, Apr 12, 2025",16,22,44,45,53,19
"Wed, Apr 9, 2025",4,29,37,55,67,10
"Mon, Apr 7, 2025",20,23,48,59,66,4
"Sat, Apr 5, 2025",4,23,30,46,62,2
"Wed, Apr 2, 2025",5,17,41,64,69,1
"Mon, Mar 31, 2025",12,41,44,52,64,25
"Sat, Mar 29, 2025",7,11,21,53,61,2
"Wed, Mar 26, 2025",5,20,29,39,53,6
"Mon, Mar 24, 2025",6,23,35,36,47,12
"Sat, Mar 22, 2025",6,7,25,46,57,12
"Wed, Mar 19, 2025",8,11,21,49,59,15
"Mon, Mar 17, 2025",11,18,23,38,60,9
"Sat, Mar 15, 2025",12,28,33,36,54,5
"Wed, Mar 12, 2025",11,13,28,51,58,1
"Mon, Mar 10, 2025",17,40,47,50,55,6
"Sat, Mar 8, 2025",2,4,16,23,63,13
"Wed, Mar 5, 2025",24,28,40,63,65,20
"Mon, Mar 3, 2025",18,20,50,52,56,20
"Sat, Mar 1, 2025",2,23,36,44,49,25
"Wed, Feb 26, 2025",28,48,55,60,62,20
"Mon, Feb 24, 2025",10,11,34,59,68,14
"Sat, Feb 22, 2025",7,18,22,50,65,15
"Wed, Feb 19, 2025",6,21,28,49,60,20
"Mon, Feb 17, 2025",4,44,47,52,57,9
"Sat, Feb 15, 2025",3,16,45,54,56,12
"Wed, Feb 12, 2025",21,32,36,45,49,18
"Mon, Feb 10, 2025",2,17,18,29,43,3
"Sat, Feb 8, 2025",23,44,57,60,62,9
"Wed, Feb 5, 2025",19,27,30,50,62,14
"Mon, Feb 3, 2025",12,37,47,54,60,17
"Sat, Feb 1, 2025",23,29,32,49,61,8
"Wed, Jan 29, 2025",8,12,31,33,38,18
"Mon, Jan 27, 2025",2,40,47,53,55,20
"Sat, Jan 25, 2025",8,15,17,53,66,14
"Wed, Jan 22, 2025",5,6,27,40,49,5
"Mon, Jan 20, 2025",15,16,32,47,54,6
"Sat, Jan 18, 2025",14,31,35,64,69,23
"Wed, Jan 15, 2025",8,41,52,53,58,7
"Mon, Jan 13, 2025",4,6,16,39,66,9
"Sat, Jan 11, 2025",3,6,32,37,65,4
"Wed, Jan 8, 2025",1,20,36,38,43,24
"Mon, Jan 6, 2025",17,34,46,66,67,14
"Sat, Jan 4, 2025",26,32,43,54,56,24
"Wed, Jan 1, 2025",6,12,28,35,66,26
"Mon, Dec 30, 2024",9,19,33,38,39,1
"Sat, Dec 28, 2024",6,31,51,54,55,12
"Wed, Dec 25, 2024",15,26,27,30,35,3
"Mon, Dec 23, 2024",22,42,44,57,64,18
"Sat, Dec 21, 2024",1,12,17,21,58,1
"Wed, Dec 18, 2024",6,15,18,33,49,7
"Mon, Dec 16, 2024",9,30,33,57,61,17
"Sat, Dec 14, 2024",12,17,23,52,67,1
"Wed, Dec 11, 2024",13,44,50,52,54,20
"Mon, Dec 9, 2024",35,37,40,45,51,24
"Sat, Dec 7, 2024",1,31,43,55,57,22
"Wed, Dec 4, 2024",1,23,25,28,61,13
"Mon, Dec 2, 2024",3,9,26,61,67,13
"Sat, Nov 30, 2024",4,24,29,39,63,25
"Wed, Nov 27, 2024",1,6,7,13,40,5
"Mon, Nov 25, 2024",5,35,45,60,63,12
"Sat, Nov 23, 2024",12,13,34,44,67,8
"Wed, Nov 20, 2024",16,30,60,62,64,25
"Mon, Nov 18, 2024",27,31,41,52,69,26
"Sat, Nov 16, 2024",21,22,25,32,38,16
"Wed, Nov 13, 2024",9,20,26,43,58,9
"Mon, Nov 11, 2024",3,21,24,34,46,9
"Sat, Nov 9, 2024",11,24,50,56,66,16
"Wed, Nov 6, 2024",12,17,37,58,62,4
"Mon, Nov 4, 2024",6,18,33,48,53,21
"Sat, Nov 2, 2024",10,45,48,58,61,2
"Wed, Oct 30, 2024",13,22,29,43,58,22
"Mon, Oct 28, 2024",21,27,32,48,67,17
"Sat, Oct 26, 2024",8,12,40,45,51,15
"Wed, Oct 23, 2024",2,15,27,29,39,20
"Mon, Oct 21, 2024",1,25,57,62,64,15
"Sat, Oct 19, 2024",7,16,19,45,64,25
"Wed, Oct 16, 2024",4,30,39,44,60,11
"Mon, Oct 14, 2024",14,18,33,64,67,14
"Sat, Oct 12, 2024",5,14,20,41,57,6
"Wed, Oct 9, 2024",25,32,43,53,66,10
"Mon, Oct 7, 2024",18,30,31,52,63,22
"Sat, Oct 5, 2024",2,12,46,52,65,3
"Wed, Oct 2, 2024",1,2,21,37,43,21
"Mon, Sep 30, 2024",9,11,30,43,69,20
"Sat, Sep 28, 2024",3,11,13,24,39,22
"Wed, Sep 25, 2024",2,26,45,46,52,21
"Mon, Sep 23, 2024",15,21,25,37,45,19
"Sat, Sep 21, 2024",17,19,21,37,45,14
"Wed, Sep 18, 2024",1,11,22,47,68,7
"Mon, Sep 16, 2024",8,9,11,27,31,17
"Sat, Sep 14, 2024",29,34,38,48,56,16
"Wed, Sep 11, 2024",10,12,55,65,67,3
"Mon, Sep 9, 2024",1,16,21,47,60,5
"Sat, Sep 7, 2024",14,34,37,55,63,20
"Wed, Sep 4, 2024",7,10,21,33,59,20
"Mon, Sep 2, 2024",8,42,46,48,53,22
"Sat, Aug 31, 2024",4,34,35,38,69,19
"Wed, Aug 28, 2024",5,33,47,50,64,20
"Mon, Aug 26, 2024",2,4,23,68,69,15
"Sat, Aug 24, 2024",5,15,21,24,43,17
"Wed, Aug 21, 2024",27,31,33,38,67,3
"Mon, Aug 19, 2024",1,2,15,23,28,10
"Sat, Aug 17, 2024",12,31,43,45,46,22
"Wed, Aug 14, 2024",8,9,23,29,62,13
"Mon, Aug 12, 2024",9,22,57,67,68,14
"Sat, Aug 10, 2024",9,24,33,64,69,9
"Wed, Aug 7, 2024",6,19,35,47,57,9
"Mon, Aug 5, 2024",29,42,44,51,54,12
"Sat, Aug 3, 2024",13,33,40,60,61,20
"Wed, Jul 31, 2024",23,34,37,50,58,7
"Mon, Jul 29, 2024",11,27,30,33,44,16
"Sat, Jul 27, 2024",3,31,37,40,64,17
"Wed, Jul 24, 2024",16,42,59,63,68,13
"Mon, Jul 22, 2024",31,36,56,58,69,20
"Sat, Jul 20, 2024",18,25,31,40,57,4
"Wed, Jul 17, 2024",24,27,32,47,66,26
"Mon, Jul 15, 2024",9,31,39,40,45,23
"Sat, Jul 13, 2024",9,55,59,66,69,21
"Wed, Jul 10, 2024",7,11,12,27,46,26
"Mon, Jul 8, 2024",20,22,31,33,45,1
"Sat, Jul 6, 2024",5,32,35,39,49,21
"Wed, Jul 3, 2024",2,26,33,55,57,22
"Mon, Jul 1, 2024",5,9,32,39,55,9
"Sat, Jun 29, 2024",26,51,54,61,69,25
"Wed, Jun 26, 2024",4,9,36,47,56,7
"Mon, Jun 24, 2024",5,6,36,53,69,8
"Sat, Jun 22, 2024",4,5,15,32,62,21
"Wed, Jun 19, 2024",4,27,44,50,64,7
"Mon, Jun 17, 2024",30,48,53,58,66,9
"Sat, Jun 15, 2024",4,36,48,54,56,2
"Wed, Jun 12, 2024",19,30,31,61,62,21
"Mon, Jun 10, 2024",3,10,33,58,59,9
"Sat, Jun 8, 2024",8,38,52,54,64,15
"Wed, Jun 5, 2024",8,44,45,51,69,12
"Mon, Jun 3, 2024",19,29,35,36,45,16
"Sat, Jun 1, 2024",28,38,52,54,68,8
"Wed, May 29, 2024",17,34,56,60,61,9
"Mon, May 27, 2024",9,30,39,49,59,21
"Sat, May 25, 2024",6,33,35,36,64,24
"Wed, May 22, 2024",5,16,18,26,67,4
"Mon, May 20, 2024",1,7,48,64,68,5
"Sat, May 18, 2024",19,36,37,42,59,19
"Wed, May 15, 2024",19,42,45,55,69,6
"Mon, May 13, 2024",5,14,29,38,66,1
"Sat, May 11, 2024",3,6,39,49,67,21
"Wed, May 8, 2024",7,41,43,44,51,5
"Mon, May 6, 2024",7,23,24,56,60,25
"Sat, May 4, 2024",14,20,23,53,69,4
"Wed, May 1, 2024",1,11,19,21,68,15
"Mon, Apr 29, 2024",11,38,47,67,69,14
"Sat, Apr 27, 2024",9,30,53,55,62,23
"Wed, Apr 24, 2024",2,20,22,26,47,21
"Mon, Apr 22, 2024",12,16,33,39,52,1
"Sat, Apr 20, 2024",4,35,41,44,58,25
"Wed, Apr 17, 2024",24,29,44,47,54,2
"Mon, Apr 15, 2024",7,16,41,56,61,23
"Sat, Apr 13, 2024",7,33,40,43,69,10
"Wed, Apr 10, 2024",6,7,12,24,36,15
"Mon, Apr 8, 2024",6,21,23,39,54,23
"Sat, Apr 6, 2024",22,27,44,52,69,9
"Wed, Apr 3, 2024",11,38,41,62,65,15
"Mon, Apr 1, 2024",19,24,40,42,56,23
"Sat, Mar 30, 2024",12,13,33,50,52,23
"Wed, Mar 27, 2024",37,46,57,60,66,8
"Mon, Mar 25, 2024",7,11,19,53,68,23
"Sat, Mar 23, 2024",6,23,25,34,51,3
"Wed, Mar 20, 2024",13,22,27,54,66,9
"Mon, Mar 18, 2024",10,17,20,39,44,16
"Sat, Mar 16, 2024",12,23,44,57,61,5
"Wed, Mar 13, 2024",21,29,54,59,62,4
"Mon, Mar 11, 2024",1,3,7,16,66,5
"Sat, Mar 9, 2024",30,36,49,52,63,16
"Wed, Mar 6, 2024",6,19,28,44,60,10
"Mon, Mar 4, 2024",36,42,50,52,67,26
"Sat, Mar 2, 2024",3,18,27,36,53,12
"Wed, Feb 28, 2024",16,26,29,38,50,6
"Mon, Feb 26, 2024",24,29,42,51,54,16
"Sat, Feb 24, 2024",3,8,40,53,58,3
"Wed, Feb 21, 2024",4,27,33,41,42,14
"Mon, Feb 19, 2024",4,23,45,50,53,17
"Sat, Feb 17, 2024",6,28,59,62,69,21
"Wed, Feb 14, 2024",1,4,45,47,67,18
"Mon, Feb 12, 2024",17,36,43,53,67,14
"Sat, Feb 10, 2024",27,28,34,37,44,8
"Wed, Feb 7, 2024",12,21,62,67,69,17
"Mon, Feb 5, 2024",1,2,27,30,67,9
"Sat, Feb 3, 2024",9,11,27,59,66,19
"Wed, Jan 31, 2024",15,18,19,41,43,14
"Mon, Jan 29, 2024",39,41,43,49,64,4
"Sat, Jan 27, 2024",7,38,65,66,68,21
"Wed, Jan 24, 2024",1,5,32,50,64,8
"Mon, Jan 22, 2024",24,25,43,52,63,21
"Sat, Jan 20, 2024",16,31,34,47,65,10
"Wed, Jan 17, 2024",18,22,43,61,65,2
"Mon, Jan 15, 2024",13,30,35,49,59,4
"Sat, Jan 13, 2024",13,31,33,51,58,15
"Wed, Jan 10, 2024",25,40,43,48,50,11
"Mon, Jan 8, 2024",7,17,28,40,45,2
"Sat, Jan 6, 2024",4,31,34,38,61,13
"Wed, Jan 3, 2024",30,31,38,48,68,8
"Mon, Jan 1, 2024",12,21,42,44,49,1
"Sat, Dec 30, 2023",10,11,26,27,34,7
"Wed, Dec 27, 2023",4,11,38,51,68,5
"Mon, Dec 25, 2023",5,12,20,24,29,4
"Sat, Dec 23, 2023",9,14,17,18,53,6
"Wed, Dec 20, 2023",27,35,41,56,60,16
"Mon, Dec 18, 2023",5,8,19,34,39,26
"Sat, Dec 16, 2023",3,9,10,20,62,25
"Wed, Dec 13, 2023",3,8,41,56,64,18
"Mon, Dec 11, 2023",1,24,27,31,62,20
"Sat, Dec 9, 2023",5,25,26,40,60,1
"Wed, Dec 6, 2023",2,12,37,56,65,21
"Mon, Dec 4, 2023",18,19,27,28,45,9
"Sat, Dec 2, 2023",28,35,41,47,60,3
"Wed, Nov 29, 2023",6,47,50,61,68,4
"Mon, Nov 27, 2023",2,21,38,61,66,12
"Sat, Nov 25, 2023",27,33,63,66,68,9
"Wed, Nov 22, 2023",20,24,33,39,42,21
"Mon, Nov 20, 2023",19,26,30,39,63,13
"Sat, Nov 18, 2023",34,50,51,61,67,20
"Wed, Nov 15, 2023",3,4,51,53,60,6
"Mon, Nov 13, 2023",24,33,35,37,42,21
"Sat, Nov 11, 2023",1,12,14,24,57,7
"Wed, Nov 8, 2023",14,21,33,39,62,20
"Mon, Nov 6, 2023",12,25,40,59,61,26
"Sat, Nov 4, 2023",1,28,30,34,52,6
"Wed, Nov 1, 2023",22,26,39,47,63,12
"Mon, Oct 30, 2023",19,22,34,66,69,5
"Sat, Oct 28, 2023",14,24,50,59,64,2
"Wed, Oct 25, 2023",25,27,41,53,68,2
"Mon, Oct 23, 2023",18,21,25,46,64,21
"Sat, Oct 21, 2023",6,15,24,67,68,11
"Wed, Oct 18, 2023",1,4,13,35,58,24
"Mon, Oct 16, 2023",2,27,31,44,64,18
"Sat, Oct 14, 2023",14,16,42,48,64,14
"Wed, Oct 11, 2023",22,24,40,52,64,10
"Mon, Oct 9, 2023",16,34,46,55,67,14
"Sat, Oct 7, 2023",47,54,57,60,65,19
"Wed, Oct 4, 2023",9,35,54,63,64,1
"Mon, Oct 2, 2023",12,26,27,43,47,5
"Sat, Sep 30, 2023",19,30,37,44,46,22
"Wed, Sep 27, 2023",1,7,46,47,63,7
"Mon, Sep 25, 2023",10,12,22,36,50,4
"Sat, Sep 23, 2023",1,12,20,33,66,21
"Wed, Sep 20, 2023",16,27,59,62,63,23
"Mon, Sep 18, 2023",2,21,26,40,42,9
"Sat, Sep 16, 2023",8,11,19,24,46,5
"Wed, Sep 13, 2023",22,30,37,44,45,18
"Mon, Sep 11, 2023",9,25,27,53,66,5
"Sat, Sep 9, 2023",11,19,29,63,68,25
"Wed, Sep 6, 2023",9,14,20,23,63,1
"Mon, Sep 4, 2023",1,26,32,46,51,13
"Sat, Sep 2, 2023",25,38,42,66,67,19
"Wed, Aug 30, 2023",4,13,35,61,69,4
"Mon, Aug 28, 2023",4,6,25,55,68,26
"Sat, Aug 26, 2023",20,22,26,28,63,5
"Wed, Aug 23, 2023",25,30,32,33,55,20
"Mon, Aug 21, 2023",3,4,12,22,28,16
"Sat, Aug 19, 2023",1,25,27,38,62,13
"Wed, Aug 16, 2023",9,11,17,19,55,1
"Mon, Aug 14, 2023",32,34,37,39,47,3
"Sat, Aug 12, 2023",19,21,37,50,65,26
"Wed, Aug 9, 2023",10,15,21,67,69,3
"Mon, Aug 7, 2023",6,13,20,35,54,22
"Sat, Aug 5, 2023",18,42,44,62,65,23
"Wed, Aug 2, 2023",23,24,33,51,64,5
"Mon, Jul 31, 2023",2,11,48,58,65,13
"Sat, Jul 29, 2023",10,25,27,34,38,2
"Wed, Jul 26, 2023",3,16,40,48,60,14
"Mon, Jul 24, 2023",3,4,12,28,49,25
"Sat, Jul 22, 2023",25,27,36,37,63,7
"Wed, Jul 19, 2023",7,10,11,13,24,24
"Wed, May 31, 2023",2,4,54,61,62,14
"Mon, May 29, 2023",21,33,35,62,64,24
"Sat, May 27, 2023",24,38,39,48,56,4
"Wed, May 24, 2023",12,21,44,50,58,26
"Mon, May 22, 2023",9,38,48,52,68,25
"Sat, May 20, 2023",17,23,32,38,63,23
"Wed, May 17, 2023",18,34,37,45,51,14
"Mon, May 15, 2023",1,26,28,55,58,25
"Sat, May 13, 2023",3,15,20,23,46,11
"Wed, May 10, 2023",21,24,33,55,69,3
"Mon, May 8, 2023",15,20,33,36,43,12
"Sat, May 6, 2023",31,39,47,51,53,6
"Wed, May 3, 2023",21,26,30,45,47,23
"Mon, May 1, 2023",3,38,55,61,66,1
"Sat, Apr 29, 2023",16,53,54,57,65,8
"Wed, Apr 26, 2023",2,15,30,35,49,6
"Mon, Apr 24, 2023",19,21,55,66,68,3
"Sat, Apr 22, 2023",17,36,47,63,68,25
"Wed, Apr 19, 2023",4,11,21,38,64,11
"Mon, Apr 17, 2023",23,25,35,63,64,25
"Sat, Apr 15, 2023",1,33,34,56,59,18
"Wed, Apr 12, 2023",9,36,41,44,59,4
"Mon, Apr 10, 2023",9,10,36,46,52,14
"Sat, Apr 8, 2023",11,22,24,51,60,18
"Wed, Apr 5, 2023",3,5,9,42,52,11
"Mon, Apr 3, 2023",16,30,31,54,68,1
"Sat, Apr 1, 2023",11,19,21,29,52,17
"Wed, Mar 29, 2023",4,9,24,46,66,7
"Mon, Mar 27, 2023",19,26,36,43,58,14
"Sat, Mar 25, 2023",15,17,18,47,57,19
"Wed, Mar 22, 2023",27,28,37,50,57,5
"Mon, Mar 20, 2023",1,27,32,47,67,14
"Sat, Mar 18, 2023",14,20,30,54,69,11
"Wed, Mar 15, 2023",16,18,33,37,50,8
"Mon, Mar 13, 2023",3,10,24,46,63,4
"Sat, Mar 11, 2023",11,20,33,43,58,24
"Wed, Mar 8, 2023",26,27,43,61,69,4
"Mon, Mar 6, 2023",2,13,29,58,69,4
"Sat, Mar 4, 2023",10,16,18,40,66,16
"Wed, Mar 1, 2023",2,9,28,36,53,4
"Mon, Feb 27, 2023",16,28,49,51,55,23
"Sat, Feb 25, 2023",11,24,58,66,67,26
"Wed, Feb 22, 2023",11,19,39,44,65,7
"Mon, Feb 20, 2023",3,17,26,38,54,15
"Sat, Feb 18, 2023",8,21,31,32,37,23
"Wed, Feb 15, 2023",31,32,54,60,63,12
"Mon, Feb 13, 2023",17,26,37,61,65,2
"Sat, Feb 11, 2023",10,23,30,54,65,11
"Wed, Feb 8, 2023",52,58,59,64,66,9
"Mon, Feb 6, 2023",5,11,22,23,69,7
"Sat, Feb 4, 2023",2,8,15,19,58,10
"Wed, Feb 1, 2023",31,43,58,59,66,9
"Mon, Jan 30, 2023",1,4,12,36,49,5
"Sat, Jan 28, 2023",2,18,23,27,47,15
"Wed, Jan 25, 2023",9,17,20,38,40,18
"Mon, Jan 23, 2023",12,31,47,58,60,23
"Sat, Jan 21, 2023",5,14,19,46,64,22
"Wed, Jan 18, 2023",6,15,22,42,47,26
"Mon, Jan 16, 2023",4,14,33,39,61,3
"Sat, Jan 14, 2023",24,26,39,47,57,23
"Wed, Jan 11, 2023",4,8,46,47,48,5
"Mon, Jan 9, 2023",18,43,48,60,69,14
"Sat, Jan 7, 2023",35,36,44,45,67,14
"Wed, Jan 4, 2023",12,32,56,67,68,26
"Mon, Jan 2, 2023",7,9,12,31,62,22
"Sat, Dec 31, 2022",18,37,44,50,64,11
"Wed, Dec 28, 2022",26,32,38,45,56,1
"Mon, Dec 26, 2022",17,41,47,60,61,17
"Sat, Dec 24, 2022",17,37,46,54,67,8
"Wed, Dec 21, 2022",12,15,24,34,59,14
"Mon, Dec 19, 2022",7,37,55,65,67,12
"Sat, Dec 17, 2022",33,56,64,66,68,12
"Wed, Dec 14, 2022",36,51,59,66,68,25
"Mon, Dec 12, 2022",16,31,50,55,61,9
"Sat, Dec 10, 2022",9,23,47,49,68,19
"Wed, Dec 7, 2022",6,28,44,59,61,21
"Mon, Dec 5, 2022",35,45,47,54,55,14
"Sat, Dec 3, 2022",6,13,33,36,37,7
"Wed, Nov 30, 2022",4,19,24,47,66,10
"Mon, Nov 28, 2022",29,30,32,48,50,20
"Sat, Nov 26, 2022",15,30,47,50,51,3
"Wed, Nov 23, 2022",1,2,31,39,66,25
"Mon, Nov 21, 2022",1,6,40,51,67,2
"Sat, Nov 19, 2022",7,28,62,63,64,10
"Wed, Nov 16, 2022",28,34,51,53,56,11
"Mon, Nov 14, 2022",19,35,53,54,67,21
"Sat, Nov 12, 2022",16,20,44,57,58,6
"Wed, Nov 9, 2022",7,14,24,30,56,7
"Mon, Nov 7, 2022",10,33,41,47,56,10
"Sat, Nov 5, 2022",28,45,53,56,69,20
"Wed, Nov 2, 2022",2,11,22,35,60,23
"Mon, Oct 31, 2022",13,19,36,39,59,13
"Sat, Oct 29, 2022",19,31,40,46,57,23
"Wed, Oct 26, 2022",19,36,37,46,56,24
"Mon, Oct 24, 2022",18,23,35,45,54,16
"Sat, Oct 22, 2022",19,25,48,55,60,18
"Wed, Oct 19, 2022",6,8,15,27,42,10
"Mon, Oct 17, 2022",19,30,36,46,60,25
"Sat, Oct 15, 2022",32,37,40,58,62,15
"Wed, Oct 12, 2022",14,30,41,42,59,6
"Mon, Oct 10, 2022",3,6,11,17,22,11
"Sat, Oct 8, 2022",13,43,53,60,68,5
"Wed, Oct 5, 2022",26,30,33,37,62,6
"Mon, Oct 3, 2022",2,16,22,55,63,22
"Sat, Oct 1, 2022",8,21,22,65,69,26
"Wed, Sep 28, 2022",6,10,24,33,67,11
"Mon, Sep 26, 2022",13,20,31,33,59,20
"Sat, Sep 24, 2022",3,9,21,24,29,14
"Wed, Sep 21, 2022",6,33,34,45,54,7
"Mon, Sep 19, 2022",7,15,36,46,67,7
"Sat, Sep 17, 2022",5,25,36,51,61,1
"Wed, Sep 14, 2022",9,10,20,22,52,25
"Mon, Sep 12, 2022",6,14,16,34,66,25
"Sat, Sep 10, 2022",38,42,56,68,69,4
"Wed, Sep 7, 2022",3,16,30,33,36,20
"Mon, Sep 5, 2022",4,7,32,55,64,25
"Sat, Sep 3, 2022",18,27,49,65,69,9
"Wed, Aug 31, 2022",7,8,19,24,28,1
"Mon, Aug 29, 2022",13,36,43,61,69,18
"Sat, Aug 27, 2022",2,18,56,60,65,14
"Wed, Aug 24, 2022",6,24,35,37,44,22
"Mon, Aug 22, 2022",12,27,34,55,67,9
"Sat, Aug 20, 2022",5,9,11,16,66,7
"Wed, Aug 17, 2022",23,28,41,50,55,24
"Mon, Aug 15, 2022",20,24,47,50,63,5
"Sat, Aug 13, 2022",19,24,35,43,62,2
"Wed, Aug 10, 2022",29,44,59,61,68,19
"Mon, Aug 8, 2022",32,45,51,57,58,12
"Sat, Aug 6, 2022",8,15,46,56,68,3
"Wed, Aug 3, 2022",9,21,56,57,66,11
"Mon, Aug 1, 2022",15,21,31,36,65,16
"Sat, Jul 30, 2022",4,17,57,58,68,12
"Wed, Jul 27, 2022",1,25,44,55,57,26
"Mon, Jul 25, 2022",25,37,38,39,65,5
"Sat, Jul 23, 2022",39,41,54,59,62,12
"Wed, Jul 20, 2022",10,20,23,49,65,22
"Mon, Jul 18, 2022",14,34,36,50,58,5
"Sat, Jul 16, 2022",3,18,23,32,57,21
"Wed, Jul 13, 2022",22,23,36,47,63,2
"Mon, Jul 11, 2022",4,26,34,37,52,9
"Sat, Jul 9, 2022",14,22,42,46,52,24
"Wed, Jul 6, 2022",32,36,49,62,69,13
"Mon, Jul 4, 2022",15,16,24,31,56,4
"Sat, Jul 2, 2022",9,10,37,59,62,26
"Wed, Jun 29, 2022",8,40,49,58,63,14
"Mon, Jun 27, 2022",11,13,18,30,37,16
"Sat, Jun 25, 2022",6,12,20,27,32,4
"Wed, Jun 22, 2022",6,10,31,48,56,12
"Mon, Jun 20, 2022",3,44,61,63,69,13
"Sat, Jun 18, 2022",10,19,40,45,58,25
"Wed, Jun 15, 2022",19,28,41,42,51,7
"Mon, Jun 13, 2022",2,27,42,44,51,25
"Sat, Jun 11, 2022",18,20,26,53,69,5
"Wed, Jun 8, 2022",22,39,43,62,64,7
"Mon, Jun 6, 2022",2,10,35,44,46,4
"Sat, Jun 4, 2022",14,16,36,52,60,16
"Wed, Jun 1, 2022",11,41,56,57,63,2
"Mon, May 30, 2022",27,28,51,68,69,22
"Sat, May 28, 2022",2,39,50,61,66,15
"Wed, May 25, 2022",19,28,39,42,57,17
"Mon, May 23, 2022",1,33,37,39,42,26
"Sat, May 21, 2022",14,15,25,52,58,11
"Wed, May 18, 2022",40,41,58,64,65,17
"Mon, May 16, 2022",7,15,22,36,64,13
"Sat, May 14, 2022",6,40,41,45,52,9
"Wed, May 11, 2022",5,7,61,63,69,18
"Mon, May 9, 2022",18,30,35,52,56,5
"Sat, May 7, 2022",4,5,6,28,67,10
"Wed, May 4, 2022",37,39,55,63,69,23
"Mon, May 2, 2022",18,27,33,39,44,8
"Sat, Apr 30, 2022",14,21,37,44,63,1
"Wed, Apr 27, 2022",11,36,61,62,68,4
"Mon, Apr 25, 2022",12,18,20,39,61,10
"Sat, Apr 23, 2022",10,39,47,49,56,8
"Wed, Apr 20, 2022",20,30,45,55,56,14
"Mon, Apr 18, 2022",8,33,55,59,62,18
"Sat, Apr 16, 2022",15,21,32,62,65,26
"Wed, Apr 13, 2022",14,16,41,63,68,26
"Mon, Apr 11, 2022",5,7,24,31,34,4
"Sat, Apr 9, 2022",6,16,31,62,66,18
"Wed, Apr 6, 2022",6,42,45,47,64,18
"Mon, Apr 4, 2022",2,32,39,46,69,6
"Sat, Apr 2, 2022",6,28,47,58,59,18
"Wed, Mar 30, 2022",3,7,21,31,37,11
"Mon, Mar 28, 2022",11,18,39,58,62,3
"Sat, Mar 26, 2022",2,10,50,59,61,6
"Wed, Mar 23, 2022",31,32,37,38,48,24
"Mon, Mar 21, 2022",1,15,26,63,65,16
"Sat, Mar 19, 2022",8,9,18,48,52,6
"Wed, Mar 16, 2022",3,28,34,35,58,17
"Mon, Mar 14, 2022",21,28,32,44,49,6
"Sat, Mar 12, 2022",19,20,37,39,61,8
"Wed, Mar 9, 2022",13,22,34,51,67,10
"Mon, Mar 7, 2022",10,43,55,59,67,2
"Sat, Mar 5, 2022",8,23,37,52,63,13
"Wed, Mar 2, 2022",19,37,48,61,63,12
"Mon, Feb 28, 2022",7,21,39,47,55,19
"Sat, Feb 26, 2022",15,32,36,48,64,19
"Wed, Feb 23, 2022",6,17,21,35,64,18
"Mon, Feb 21, 2022",2,36,37,45,69,3
"Sat, Feb 19, 2022",3,10,15,33,42,11
"Wed, Feb 16, 2022",22,30,40,42,48,16
"Mon, Feb 14, 2022",16,25,27,49,55,17
"Sat, Feb 12, 2022",8,10,21,41,62,7
"Wed, Feb 9, 2022",2,17,33,51,63,26
"Mon, Feb 7, 2022",5,15,38,47,65,10
"Sat, Feb 5, 2022",5,16,27,39,61,24
"Wed, Feb 2, 2022",18,29,33,62,63,15
"Mon, Jan 31, 2022",10,15,51,61,69,14
"Sat, Jan 29, 2022",2,15,38,54,65,11
"Wed, Jan 26, 2022",4,11,38,49,69,16
"Mon, Jan 24, 2022",11,29,30,47,53,16
"Sat, Jan 22, 2022",8,14,33,36,67,17
"Wed, Jan 19, 2022",11,15,43,55,61,10
"Mon, Jan 17, 2022",9,24,35,46,65,22
"Sat, Jan 15, 2022",3,18,37,51,59,13
"Wed, Jan 12, 2022",12,21,22,30,33,24
"Mon, Jan 10, 2022",14,17,18,21,27,9
"Sat, Jan 8, 2022",20,21,36,60,65,13
"Wed, Jan 5, 2022",6,14,25,33,46,17
"Mon, Jan 3, 2022",2,13,32,33,48,22
"Sat, Jan 1, 2022",6,12,39,48,50,7
"Wed, Dec 29, 2021",2,6,9,33,39,11
"Mon, Dec 27, 2021",36,38,45,62,64,19
"Sat, Dec 25, 2021",27,29,45,55,58,2
"Wed, Dec 22, 2021",7,16,19,48,68,15
"Mon, Dec 20, 2021",2,13,23,34,66,2
"Sat, Dec 18, 2021",2,6,24,51,61,1
"Wed, Dec 15, 2021",19,20,40,42,59,15
"Mon, Dec 13, 2021",10,30,37,53,59,4
"Sat, Dec 11, 2021",3,25,44,53,64,10
"Wed, Dec 8, 2021",3,7,33,50,69,24
"Mon, Dec 6, 2021",3,21,38,50,59,6
"Sat, Dec 4, 2021",10,40,45,56,67,2
"Wed, Dec 1, 2021",12,15,38,57,63,24
"Mon, Nov 29, 2021",18,26,28,38,47,17
"Sat, Nov 27, 2021",8,32,55,64,66,10
"Wed, Nov 24, 2021",10,16,32,63,65,17
"Mon, Nov 22, 2021",7,20,29,38,67,22
"Sat, Nov 20, 2021",40,43,48,59,69,19
"Wed, Nov 17, 2021",3,16,48,52,60,1
"Mon, Nov 15, 2021",5,31,34,51,53,23
"Sat, Nov 13, 2021",8,15,26,35,45,9
"Wed, Nov 10, 2021",19,25,43,46,48,14
"Mon, Nov 8, 2021",21,46,47,57,62,8
"Sat, Nov 6, 2021",8,30,48,57,64,9
"Wed, Nov 3, 2021",1,2,24,50,57,26
"Mon, Nov 1, 2021",9,25,34,44,45,8
"Sat, Oct 30, 2021",5,23,28,43,56,19
"Wed, Oct 27, 2021",3,6,26,35,51,17
"Mon, Oct 25, 2021",10,27,29,44,58,24
"Sat, Oct 23, 2021",10,30,51,57,63,20
"Wed, Oct 20, 2021",7,29,36,41,43,5
"Mon, Oct 18, 2021",30,32,48,53,63,12
"Sat, Oct 16, 2021",30,31,41,42,48,3
"Wed, Oct 13, 2021",23,29,47,59,60,15
"Mon, Oct 11, 2021",11,20,33,39,65,24
"Sat, Oct 9, 2021",12,17,30,45,62,5
"Wed, Oct 6, 2021",1,17,52,58,64,1
"Mon, Oct 4, 2021",12,22,54,66,69,15
"Sat, Oct 2, 2021",28,38,42,47,52,1
"Wed, Sep 29, 2021",2,7,11,17,32,11
"Mon, Sep 27, 2021",21,22,39,44,60,12
"Sat, Sep 25, 2021",22,23,37,62,63,19
"Wed, Sep 22, 2021",20,40,47,55,63,5
"Mon, Sep 20, 2021",37,51,54,58,60,19
"Sat, Sep 18, 2021",5,36,39,45,57,11
"Wed, Sep 15, 2021",1,4,18,46,62,25
"Mon, Sep 13, 2021",37,40,50,61,63,21
"Sat, Sep 11, 2021",20,31,38,40,49,21
"Wed, Sep 8, 2021",9,22,41,47,61,21
"Mon, Sep 6, 2021",11,20,22,33,54,24
"Sat, Sep 4, 2021",32,35,40,52,54,1
"Wed, Sep 1, 2021",10,20,29,48,51,17
"Mon, Aug 30, 2021",3,15,45,51,61,8
"Sat, Aug 28, 2021",12,22,26,46,59,26
"Wed, Aug 25, 2021",27,39,54,56,59,24
"Mon, Aug 23, 2021",17,36,47,60,61,15
"Sat, Aug 21, 2021",16,28,36,39,59,4
"Wed, Aug 18, 2021",35,36,51,55,61,26
"Sat, Aug 14, 2021",6,21,49,65,67,18
"Wed, Aug 11, 2021",12,18,20,29,30,16
"Sat, Aug 7, 2021",7,24,36,54,60,23